routine,library,starpu_sched,n,gflops
zhetrf,vendor,,398,1.21055
zhetrf,vendor,,630,5.194599999999999
zhetrf,vendor,,1000,8.350100000000001
zhetrf,vendor,,1584,23.043349999999997
zhetrf,vendor,,2511,41.8643
zhetrf,vendor,,3981,95.4542
zhetrf,vendor,,6309,102.014
zhetrf,vendor,,10000,142.53635
zhetrf,vendor,,15848,193.87015
zhetrf,plasma_17,,398,1.30675
zhetrf,plasma_17,,630,3.4635
zhetrf,plasma_17,,1000,6.967499999999999
zhetrf,plasma_17,,1584,11.26285
zhetrf,plasma_17,,2511,20.06375
zhetrf,plasma_17,,3981,36.33985
zhetrf,plasma_17,,6309,63.8262
zhetrf,plasma_17,,10000,103.8363
zhetrf,plasma_17,,15848,158.83965
zhetrf,plasma_2_8_0,,398,0.8711500000000001
zhetrf,plasma_2_8_0,,630,1.05765
zhetrf,plasma_2_8_0,,1000,1.5808
zhetrf,plasma_2_8_0,,1584,2.84105
zhetrf,plasma_2_8_0,,2511,5.8063
zhetrf,plasma_2_8_0,,3981,11.0023
zhetrf,plasma_2_8_0,,6309,18.5612
zhetrf,plasma_2_8_0,,10000,28.3069
zhetrf,plasma_2_8_0,,15848,27.829250000000002
zhetrf,lapack,,398,1.53055
zhetrf,lapack,,630,4.10625
zhetrf,lapack,,1000,9.736049999999999
zhetrf,lapack,,1584,21.79795
zhetrf,lapack,,2511,38.00175
zhetrf,lapack,,3981,91.4966
zhetrf,lapack,,6309,99.605
zhetrf,lapack,,10000,141.22285
zhetrf,lapack,,15848,192.8513
zpotrf,vendor,,398,0.41175
zpotrf,vendor,,630,1.74285
zpotrf,vendor,,1000,5.97255
zpotrf,vendor,,1584,19.361649999999997
zpotrf,vendor,,2511,58.984750000000005
zpotrf,vendor,,3981,130.6691
zpotrf,vendor,,6309,226.27769999999998
zpotrf,vendor,,10000,369.3062
zpotrf,vendor,,15848,698.0931
zpotrf,plasma_17,,398,1.1619000000000002
zpotrf,plasma_17,,630,4.8295
zpotrf,plasma_17,,1000,12.71455
zpotrf,plasma_17,,1584,25.67525
zpotrf,plasma_17,,2511,50.1343
zpotrf,plasma_17,,3981,92.93375
zpotrf,plasma_17,,6309,173.85944999999998
zpotrf,plasma_17,,10000,320.7281
zpotrf,plasma_17,,15848,398.1027
zpotrf,plasma_2_8_0,,398,3.6986499999999998
zpotrf,plasma_2_8_0,,630,10.39285
zpotrf,plasma_2_8_0,,1000,27.86025
zpotrf,plasma_2_8_0,,1584,64.4859
zpotrf,plasma_2_8_0,,2511,149.095
zpotrf,plasma_2_8_0,,3981,269.18264999999997
zpotrf,plasma_2_8_0,,6309,365.10974999999996
zpotrf,plasma_2_8_0,,10000,411.74649999999997
zpotrf,plasma_2_8_0,,15848,440.4193
zpotrf,plasma_kstar,eager,398,1.754
zpotrf,plasma_kstar,eager,630,5.7759
zpotrf,plasma_kstar,eager,1000,17.99925
zpotrf,plasma_kstar,eager,1584,48.877300000000005
zpotrf,plasma_kstar,eager,2511,121.93125
zpotrf,plasma_kstar,eager,3981,246.613
zpotrf,plasma_kstar,eager,6309,364.66465
zpotrf,plasma_kstar,eager,10000,406.21995
zpotrf,plasma_kstar,eager,15848,426.35695
zpotrf,plasma_kstar,ws,398,1.68715
zpotrf,plasma_kstar,ws,630,5.21415
zpotrf,plasma_kstar,ws,1000,15.339099999999998
zpotrf,plasma_kstar,ws,1584,38.4938
zpotrf,plasma_kstar,ws,2511,102.76304999999999
zpotrf,plasma_kstar,ws,3981,221.42315000000002
zpotrf,plasma_kstar,ws,6309,318.1903
zpotrf,plasma_kstar,ws,10000,364.27824999999996
zpotrf,plasma_kstar,ws,15848,398.29575
zpotrf,plasma_kstar,dmda,398,1.72335
zpotrf,plasma_kstar,dmda,630,5.54685
zpotrf,plasma_kstar,dmda,1000,16.23565
zpotrf,plasma_kstar,dmda,1584,38.944900000000004
zpotrf,plasma_kstar,dmda,2511,89.74754999999999
zpotrf,plasma_kstar,dmda,3981,181.4094
zpotrf,plasma_kstar,dmda,6309,285.98350000000005
zpotrf,plasma_kstar,dmda,10000,350.2321
zpotrf,plasma_kstar,dmda,15848,389.4139
zpotrf,lapack,,398,0.372
zpotrf,lapack,,630,1.58155
zpotrf,lapack,,1000,4.2217
zpotrf,lapack,,1584,20.600450000000002
zpotrf,lapack,,2511,54.58715
zpotrf,lapack,,3981,129.4214
zpotrf,lapack,,6309,191.5292
zpotrf,lapack,,10000,370.18555000000003
zpotrf,lapack,,15848,659.0740000000001
zgetrf,vendor,,398,1.1952
zgetrf,vendor,,630,2.5218499999999997
zgetrf,vendor,,1000,2.78705
zgetrf,vendor,,1584,11.9433
zgetrf,vendor,,2511,86.92145
zgetrf,vendor,,3981,102.33394999999999
zgetrf,vendor,,6309,248.0847
zgetrf,vendor,,10000,550.899
zgetrf,vendor,,15848,972.3543999999999
zgetrf,plasma_17,,398,1.36215
zgetrf,plasma_17,,630,4.26845
zgetrf,plasma_17,,1000,9.68845
zgetrf,plasma_17,,1584,17.591949999999997
zgetrf,plasma_17,,2511,30.427999999999997
zgetrf,plasma_17,,3981,53.470299999999995
zgetrf,plasma_17,,6309,76.49315
zgetrf,plasma_17,,10000,111.51205
zgetrf,plasma_17,,15848,163.7575
zgetrf,plasma_2_8_0,,398,6.2654
zgetrf,plasma_2_8_0,,630,13.2891
zgetrf,plasma_2_8_0,,1000,28.50265
zgetrf,plasma_2_8_0,,1584,58.5141
zgetrf,plasma_2_8_0,,2511,118.36035
zgetrf,plasma_2_8_0,,3981,238.37865
zgetrf,plasma_2_8_0,,6309,442.94079999999997
zgetrf,plasma_2_8_0,,10000,585.4490499999999
zgetrf,plasma_2_8_0,,15848,525.0423499999999
zgetrf,lapack,,398,0.85805
zgetrf,lapack,,630,2.8372
zgetrf,lapack,,1000,3.4697999999999998
zgetrf,lapack,,1584,11.0114
zgetrf,lapack,,2511,37.7959
zgetrf,lapack,,3981,113.57730000000001
zgetrf,lapack,,6309,225.89925
zgetrf,lapack,,10000,588.2398000000001
zgetrf,lapack,,15848,1013.12375
zgeqrf,vendor,,398,1.22515
zgeqrf,vendor,,630,3.1874000000000002
zgeqrf,vendor,,1000,8.30315
zgeqrf,vendor,,1584,37.518100000000004
zgeqrf,vendor,,2511,79.4639
zgeqrf,vendor,,3981,121.85175000000001
zgeqrf,vendor,,6309,258.93165
zgeqrf,vendor,,10000,528.49945
zgeqrf,vendor,,15848,743.73035
zgeqrf,plasma_17,,398,1.9727999999999999
zgeqrf,plasma_17,,630,6.2372499999999995
zgeqrf,plasma_17,,1000,15.6015
zgeqrf,plasma_17,,1584,37.5336
zgeqrf,plasma_17,,2511,64.88605
zgeqrf,plasma_17,,3981,163.05579999999998
zgeqrf,plasma_17,,6309,309.66215
zgeqrf,plasma_17,,10000,388.16705
zgeqrf,plasma_17,,15848,406.60249999999996
zgeqrf,plasma_2_8_0,,398,6.6383
zgeqrf,plasma_2_8_0,,630,14.6081
zgeqrf,plasma_2_8_0,,1000,33.930800000000005
zgeqrf,plasma_2_8_0,,1584,74.01005
zgeqrf,plasma_2_8_0,,2511,173.6165
zgeqrf,plasma_2_8_0,,3981,305.3763
zgeqrf,plasma_2_8_0,,6309,375.86585
zgeqrf,plasma_2_8_0,,10000,404.53645
zgeqrf,plasma_2_8_0,,15848,420.6449
zgeqrf,plasma_kstar,eager,398,4.0323
zgeqrf,plasma_kstar,eager,630,10.184000000000001
zgeqrf,plasma_kstar,eager,1000,25.3627
zgeqrf,plasma_kstar,eager,1584,60.587199999999996
zgeqrf,plasma_kstar,eager,2511,140.3101
zgeqrf,plasma_kstar,eager,3981,278.23185
zgeqrf,plasma_kstar,eager,6309,374.08029999999997
zgeqrf,plasma_kstar,eager,10000,413.57124999999996
zgeqrf,plasma_kstar,eager,15848,420.13824999999997
zgeqrf,plasma_kstar,ws,398,3.7634
zgeqrf,plasma_kstar,ws,630,9.33745
zgeqrf,plasma_kstar,ws,1000,23.3811
zgeqrf,plasma_kstar,ws,1584,55.58655
zgeqrf,plasma_kstar,ws,2511,136.57875
zgeqrf,plasma_kstar,ws,3981,273.28245000000004
zgeqrf,plasma_kstar,ws,6309,357.41325
zgeqrf,plasma_kstar,ws,10000,383.6617
zgeqrf,plasma_kstar,ws,15848,395.94079999999997
zgeqrf,plasma_kstar,dmda,398,3.9972000000000003
zgeqrf,plasma_kstar,dmda,630,9.381350000000001
zgeqrf,plasma_kstar,dmda,1000,17.41055
zgeqrf,plasma_kstar,dmda,1584,37.8514
zgeqrf,plasma_kstar,dmda,2511,81.83605
zgeqrf,plasma_kstar,dmda,3981,196.37045
zgeqrf,plasma_kstar,dmda,6309,311.81605
zgeqrf,plasma_kstar,dmda,10000,372.9361
zgeqrf,plasma_kstar,dmda,15848,396.6879
zgeqrf,lapack,,398,1.6678000000000002
zgeqrf,lapack,,630,4.4363
zgeqrf,lapack,,1000,12.69445
zgeqrf,lapack,,1584,50.557599999999994
zgeqrf,lapack,,2511,85.2507
zgeqrf,lapack,,3981,135.10475
zgeqrf,lapack,,6309,283.91665
zgeqrf,lapack,,10000,498.8474
zgeqrf,lapack,,15848,750.9466
chetrf,vendor,,398,1.0979999999999999
chetrf,vendor,,630,4.84335
chetrf,vendor,,1000,9.47665
chetrf,vendor,,1584,28.65415
chetrf,vendor,,2511,50.0621
chetrf,vendor,,3981,120.98205
chetrf,vendor,,6309,299.56215
chetrf,vendor,,10000,360.14975000000004
chetrf,vendor,,15848,462.54705
chetrf,plasma_17,,398,0.99835
chetrf,plasma_17,,630,3.7776500000000004
chetrf,plasma_17,,1000,9.14585
chetrf,plasma_17,,1584,13.22555
chetrf,plasma_17,,2511,26.63545
chetrf,plasma_17,,3981,50.7168
chetrf,plasma_17,,6309,89.77655
chetrf,plasma_17,,10000,151.5943
chetrf,plasma_17,,15848,261.16675
chetrf,plasma_2_8_0,,398,1.23175
chetrf,plasma_2_8_0,,630,1.5562
chetrf,plasma_2_8_0,,1000,2.73435
chetrf,plasma_2_8_0,,1584,4.6989
chetrf,plasma_2_8_0,,2511,10.0398
chetrf,plasma_2_8_0,,3981,20.20785
chetrf,plasma_2_8_0,,6309,34.2502
chetrf,plasma_2_8_0,,10000,59.00865
chetrf,plasma_2_8_0,,15848,83.18985
chetrf,lapack,,398,1.10825
chetrf,lapack,,630,3.1747
chetrf,lapack,,1000,10.10925
chetrf,lapack,,1584,26.402549999999998
chetrf,lapack,,2511,50.0406
chetrf,lapack,,3981,140.5928
chetrf,lapack,,6309,266.35275
chetrf,lapack,,10000,359.86235
chetrf,lapack,,15848,441.596
cpotrf,vendor,,398,0.38835
cpotrf,vendor,,630,1.70635
cpotrf,vendor,,1000,3.15375
cpotrf,vendor,,1584,22.3832
cpotrf,vendor,,2511,49.13625
cpotrf,vendor,,3981,102.85395
cpotrf,vendor,,6309,334.11609999999996
cpotrf,vendor,,10000,678.3254999999999
cpotrf,vendor,,15848,1354.6158500000001
cpotrf,plasma_17,,398,0.9987999999999999
cpotrf,plasma_17,,630,4.4460999999999995
cpotrf,plasma_17,,1000,15.341899999999999
cpotrf,plasma_17,,1584,30.203699999999998
cpotrf,plasma_17,,2511,75.11070000000001
cpotrf,plasma_17,,3981,191.86275
cpotrf,plasma_17,,6309,335.61085
cpotrf,plasma_17,,10000,610.92255
cpotrf,plasma_17,,15848,1067.1979500000002
cpotrf,plasma_2_8_0,,398,4.550000000000001
cpotrf,plasma_2_8_0,,630,13.80585
cpotrf,plasma_2_8_0,,1000,40.8368
cpotrf,plasma_2_8_0,,1584,103.07249999999999
cpotrf,plasma_2_8_0,,2511,250.76735
cpotrf,plasma_2_8_0,,3981,540.13935
cpotrf,plasma_2_8_0,,6309,830.15015
cpotrf,plasma_2_8_0,,10000,1076.2154
cpotrf,plasma_2_8_0,,15848,1237.9621
cpotrf,plasma_kstar,eager,398,1.93575
cpotrf,plasma_kstar,eager,630,6.6312
cpotrf,plasma_kstar,eager,1000,22.483649999999997
cpotrf,plasma_kstar,eager,1584,67.9913
cpotrf,plasma_kstar,eager,2511,189.02105
cpotrf,plasma_kstar,eager,3981,451.2862
cpotrf,plasma_kstar,eager,6309,812.567
cpotrf,plasma_kstar,eager,10000,1050.3687
cpotrf,plasma_kstar,eager,15848,1192.63825
cpotrf,plasma_kstar,ws,398,1.8843
cpotrf,plasma_kstar,ws,630,6.10435
cpotrf,plasma_kstar,ws,1000,18.95845
cpotrf,plasma_kstar,ws,1584,49.706149999999994
cpotrf,plasma_kstar,ws,2511,149.15320000000003
cpotrf,plasma_kstar,ws,3981,372.1182
cpotrf,plasma_kstar,ws,6309,645.72605
cpotrf,plasma_kstar,ws,10000,811.4621
cpotrf,plasma_kstar,ws,15848,930.37985
cpotrf,plasma_kstar,dmda,398,1.95965
cpotrf,plasma_kstar,dmda,630,6.26985
cpotrf,plasma_kstar,dmda,1000,20.84515
cpotrf,plasma_kstar,dmda,1584,55.5732
cpotrf,plasma_kstar,dmda,2511,139.89915000000002
cpotrf,plasma_kstar,dmda,3981,293.06415
cpotrf,plasma_kstar,dmda,6309,536.84595
cpotrf,plasma_kstar,dmda,10000,726.4368
cpotrf,plasma_kstar,dmda,15848,872.5206000000001
cpotrf,lapack,,398,0.38015
cpotrf,lapack,,630,1.52705
cpotrf,lapack,,1000,6.49375
cpotrf,lapack,,1584,18.0119
cpotrf,lapack,,2511,25.9317
cpotrf,lapack,,3981,196.2694
cpotrf,lapack,,6309,363.68925
cpotrf,lapack,,10000,693.1365499999999
cpotrf,lapack,,15848,1378.16025
cgetrf,vendor,,398,0.9722
cgetrf,vendor,,630,2.9112
cgetrf,vendor,,1000,3.428
cgetrf,vendor,,1584,10.93955
cgetrf,vendor,,2511,43.88995
cgetrf,vendor,,3981,85.13759999999999
cgetrf,vendor,,6309,285.68635
cgetrf,vendor,,10000,864.08695
cgetrf,vendor,,15848,1823.7876999999999
cgetrf,plasma_17,,398,2.0445
cgetrf,plasma_17,,630,4.03445
cgetrf,plasma_17,,1000,11.265049999999999
cgetrf,plasma_17,,1584,21.71345
cgetrf,plasma_17,,2511,43.40725
cgetrf,plasma_17,,3981,79.17054999999999
cgetrf,plasma_17,,6309,120.0098
cgetrf,plasma_17,,10000,180.51760000000002
cgetrf,plasma_17,,15848,266.85345
cgetrf,plasma_2_8_0,,398,7.9169
cgetrf,plasma_2_8_0,,630,18.733600000000003
cgetrf,plasma_2_8_0,,1000,43.8489
cgetrf,plasma_2_8_0,,1584,94.59819999999999
cgetrf,plasma_2_8_0,,2511,195.31580000000002
cgetrf,plasma_2_8_0,,3981,416.3121
cgetrf,plasma_2_8_0,,6309,769.9511
cgetrf,plasma_2_8_0,,10000,936.1454
cgetrf,plasma_2_8_0,,15848,860.5260000000001
cgetrf,lapack,,398,0.6165
cgetrf,lapack,,630,3.3407
cgetrf,lapack,,1000,2.4444
cgetrf,lapack,,1584,14.137550000000001
cgetrf,lapack,,2511,69.24334999999999
cgetrf,lapack,,3981,121.73225
cgetrf,lapack,,6309,292.75250000000005
cgetrf,lapack,,10000,895.6884
cgetrf,lapack,,15848,1763.137
cgeqrf,vendor,,398,1.4391500000000002
cgeqrf,vendor,,630,4.3434
cgeqrf,vendor,,1000,9.19005
cgeqrf,vendor,,1584,42.63935
cgeqrf,vendor,,2511,132.8785
cgeqrf,vendor,,3981,183.353
cgeqrf,vendor,,6309,388.5546
cgeqrf,vendor,,10000,984.09575
cgeqrf,vendor,,15848,1703.6013
cgeqrf,plasma_17,,398,2.6897
cgeqrf,plasma_17,,630,6.62835
cgeqrf,plasma_17,,1000,18.7636
cgeqrf,plasma_17,,1584,52.9422
cgeqrf,plasma_17,,2511,104.7035
cgeqrf,plasma_17,,3981,232.2875
cgeqrf,plasma_17,,6309,509.42584999999997
cgeqrf,plasma_17,,10000,807.4311
cgeqrf,plasma_17,,15848,940.63495
cgeqrf,plasma_2_8_0,,398,8.356300000000001
cgeqrf,plasma_2_8_0,,630,19.51245
cgeqrf,plasma_2_8_0,,1000,46.339600000000004
cgeqrf,plasma_2_8_0,,1584,105.369
cgeqrf,plasma_2_8_0,,2511,257.9605
cgeqrf,plasma_2_8_0,,3981,539.53325
cgeqrf,plasma_2_8_0,,6309,784.14125
cgeqrf,plasma_2_8_0,,10000,896.54845
cgeqrf,plasma_2_8_0,,15848,946.24145
cgeqrf,plasma_kstar,eager,398,4.71485
cgeqrf,plasma_kstar,eager,630,13.131350000000001
cgeqrf,plasma_kstar,eager,1000,35.39805
cgeqrf,plasma_kstar,eager,1584,87.7362
cgeqrf,plasma_kstar,eager,2511,220.23135000000002
cgeqrf,plasma_kstar,eager,3981,486.46105
cgeqrf,plasma_kstar,eager,6309,776.004
cgeqrf,plasma_kstar,eager,10000,898.856
cgeqrf,plasma_kstar,eager,15848,952.0498
cgeqrf,plasma_kstar,ws,398,4.4173
cgeqrf,plasma_kstar,ws,630,11.6268
cgeqrf,plasma_kstar,ws,1000,31.2569
cgeqrf,plasma_kstar,ws,1584,81.96735000000001
cgeqrf,plasma_kstar,ws,2511,211.4479
cgeqrf,plasma_kstar,ws,3981,470.24745
cgeqrf,plasma_kstar,ws,6309,711.2846999999999
cgeqrf,plasma_kstar,ws,10000,793.9617000000001
cgeqrf,plasma_kstar,ws,15848,838.54035
cgeqrf,plasma_kstar,dmda,398,4.69145
cgeqrf,plasma_kstar,dmda,630,12.18935
cgeqrf,plasma_kstar,dmda,1000,31.9639
cgeqrf,plasma_kstar,dmda,1584,69.29625
cgeqrf,plasma_kstar,dmda,2511,143.5135
cgeqrf,plasma_kstar,dmda,3981,333.22455
cgeqrf,plasma_kstar,dmda,6309,592.4966999999999
cgeqrf,plasma_kstar,dmda,10000,755.4812
cgeqrf,plasma_kstar,dmda,15848,838.3777
cgeqrf,lapack,,398,1.08375
cgeqrf,lapack,,630,4.77505
cgeqrf,lapack,,1000,11.33215
cgeqrf,lapack,,1584,47.2988
cgeqrf,lapack,,2511,163.09575
cgeqrf,lapack,,3981,187.94920000000002
cgeqrf,lapack,,6309,372.9629
cgeqrf,lapack,,10000,922.6393
cgeqrf,lapack,,15848,1777.7645499999999
dsytrf,vendor,,398,0.26315
dsytrf,vendor,,630,1.6377000000000002
dsytrf,vendor,,1000,4.79245
dsytrf,vendor,,1584,9.6091
dsytrf,vendor,,2511,22.2777
dsytrf,vendor,,3981,45.42775
dsytrf,vendor,,6309,92.0112
dsytrf,vendor,,10000,118.04135
dsytrf,vendor,,15848,145.06285
dsytrf,plasma_17,,398,0.3692
dsytrf,plasma_17,,630,1.24845
dsytrf,plasma_17,,1000,3.0718
dsytrf,plasma_17,,1584,5.81855
dsytrf,plasma_17,,2511,12.0687
dsytrf,plasma_17,,3981,22.8323
dsytrf,plasma_17,,6309,37.5877
dsytrf,plasma_17,,10000,60.3272
dsytrf,plasma_17,,15848,92.12275
dsytrf,plasma_2_8_0,,398,0.39715
dsytrf,plasma_2_8_0,,630,0.52235
dsytrf,plasma_2_8_0,,1000,0.9411
dsytrf,plasma_2_8_0,,1584,1.5429
dsytrf,plasma_2_8_0,,2511,3.373
dsytrf,plasma_2_8_0,,3981,6.584
dsytrf,plasma_2_8_0,,6309,10.535250000000001
dsytrf,plasma_2_8_0,,10000,17.34315
dsytrf,plasma_2_8_0,,15848,23.009700000000002
dsytrf,lapack,,398,0.151
dsytrf,lapack,,630,0.8780999999999999
dsytrf,lapack,,1000,4.7245
dsytrf,lapack,,1584,8.6767
dsytrf,lapack,,2511,29.8039
dsytrf,lapack,,3981,46.72265
dsytrf,lapack,,6309,90.6866
dsytrf,lapack,,10000,119.2672
dsytrf,lapack,,15848,145.9124
dpotrf,vendor,,398,0.12115000000000001
dpotrf,vendor,,630,0.568
dpotrf,vendor,,1000,1.4861499999999999
dpotrf,vendor,,1584,6.484999999999999
dpotrf,vendor,,2511,21.824849999999998
dpotrf,vendor,,3981,55.2762
dpotrf,vendor,,6309,91.51875
dpotrf,vendor,,10000,190.51080000000002
dpotrf,vendor,,15848,372.7092
dpotrf,plasma_17,,398,0.30015000000000003
dpotrf,plasma_17,,630,1.4125
dpotrf,plasma_17,,1000,3.4751
dpotrf,plasma_17,,1584,9.0228
dpotrf,plasma_17,,2511,20.19795
dpotrf,plasma_17,,3981,43.072649999999996
dpotrf,plasma_17,,6309,98.4305
dpotrf,plasma_17,,10000,159.28019999999998
dpotrf,plasma_17,,15848,268.00035
dpotrf,plasma_2_8_0,,398,1.2478
dpotrf,plasma_2_8_0,,630,3.9842500000000003
dpotrf,plasma_2_8_0,,1000,11.86515
dpotrf,plasma_2_8_0,,1584,32.009150000000005
dpotrf,plasma_2_8_0,,2511,75.2732
dpotrf,plasma_2_8_0,,3981,150.0858
dpotrf,plasma_2_8_0,,6309,216.4068
dpotrf,plasma_2_8_0,,10000,268.7235
dpotrf,plasma_2_8_0,,15848,317.9549
dpotrf,plasma_kstar,eager,398,0.51775
dpotrf,plasma_kstar,eager,630,1.79095
dpotrf,plasma_kstar,eager,1000,6.1449
dpotrf,plasma_kstar,eager,1584,19.91525
dpotrf,plasma_kstar,eager,2511,54.5833
dpotrf,plasma_kstar,eager,3981,126.39994999999999
dpotrf,plasma_kstar,eager,6309,214.92935
dpotrf,plasma_kstar,eager,10000,258.61019999999996
dpotrf,plasma_kstar,eager,15848,292.38689999999997
dpotrf,plasma_kstar,ws,398,0.47115
dpotrf,plasma_kstar,ws,630,1.62065
dpotrf,plasma_kstar,ws,1000,5.346299999999999
dpotrf,plasma_kstar,ws,1584,13.5608
dpotrf,plasma_kstar,ws,2511,40.9176
dpotrf,plasma_kstar,ws,3981,101.39474999999999
dpotrf,plasma_kstar,ws,6309,167.7809
dpotrf,plasma_kstar,ws,10000,200.01225
dpotrf,plasma_kstar,ws,15848,227.19209999999998
dpotrf,plasma_kstar,dmda,398,0.50415
dpotrf,plasma_kstar,dmda,630,1.73575
dpotrf,plasma_kstar,dmda,1000,5.72945
dpotrf,plasma_kstar,dmda,1584,16.0878
dpotrf,plasma_kstar,dmda,2511,40.35445
dpotrf,plasma_kstar,dmda,3981,82.8358
dpotrf,plasma_kstar,dmda,6309,139.87835
dpotrf,plasma_kstar,dmda,10000,181.00459999999998
dpotrf,plasma_kstar,dmda,15848,216.09485
dpotrf,lapack,,398,0.11095
dpotrf,lapack,,630,0.2931
dpotrf,lapack,,1000,1.25075
dpotrf,lapack,,1584,5.51895
dpotrf,lapack,,2511,23.5393
dpotrf,lapack,,3981,56.327299999999994
dpotrf,lapack,,6309,109.39625000000001
dpotrf,lapack,,10000,188.5266
dpotrf,lapack,,15848,366.93095
dgetrf,vendor,,398,0.1906
dgetrf,vendor,,630,0.6307
dgetrf,vendor,,1000,2.3537
dgetrf,vendor,,1584,7.91225
dgetrf,vendor,,2511,19.3926
dgetrf,vendor,,3981,80.5321
dgetrf,vendor,,6309,143.31470000000002
dgetrf,vendor,,10000,237.5378
dgetrf,vendor,,15848,534.8208500000001
dgetrf,plasma_17,,398,0.39925
dgetrf,plasma_17,,630,1.3062
dgetrf,plasma_17,,1000,4.01465
dgetrf,plasma_17,,1584,8.6022
dgetrf,plasma_17,,2511,18.34115
dgetrf,plasma_17,,3981,29.850450000000002
dgetrf,plasma_17,,6309,48.0495
dgetrf,plasma_17,,10000,65.60704999999999
dgetrf,plasma_17,,15848,88.25765
dgetrf,plasma_2_8_0,,398,2.2756
dgetrf,plasma_2_8_0,,630,5.89565
dgetrf,plasma_2_8_0,,1000,14.085550000000001
dgetrf,plasma_2_8_0,,1584,31.163249999999998
dgetrf,plasma_2_8_0,,2511,66.293
dgetrf,plasma_2_8_0,,3981,139.40834999999998
dgetrf,plasma_2_8_0,,6309,228.67175
dgetrf,plasma_2_8_0,,10000,264.09875
dgetrf,plasma_2_8_0,,15848,245.1283
dgetrf,lapack,,398,0.17725000000000002
dgetrf,lapack,,630,0.7771
dgetrf,lapack,,1000,2.45855
dgetrf,lapack,,1584,10.094750000000001
dgetrf,lapack,,2511,12.237549999999999
dgetrf,lapack,,3981,43.408100000000005
dgetrf,lapack,,6309,108.92285000000001
dgetrf,lapack,,10000,284.18185
dgetrf,lapack,,15848,555.2962
dgeqrf,vendor,,398,0.5699000000000001
dgeqrf,vendor,,630,1.22545
dgeqrf,vendor,,1000,3.05105
dgeqrf,vendor,,1584,18.1944
dgeqrf,vendor,,2511,44.81955
dgeqrf,vendor,,3981,79.02085
dgeqrf,vendor,,6309,134.80925000000002
dgeqrf,vendor,,10000,314.4597
dgeqrf,vendor,,15848,520.58405
dgeqrf,plasma_17,,398,0.4878
dgeqrf,plasma_17,,630,2.73665
dgeqrf,plasma_17,,1000,6.23
dgeqrf,plasma_17,,1584,15.4471
dgeqrf,plasma_17,,2511,35.07285
dgeqrf,plasma_17,,3981,69.53985
dgeqrf,plasma_17,,6309,142.78625
dgeqrf,plasma_17,,10000,211.85765
dgeqrf,plasma_17,,15848,243.139
dgeqrf,plasma_2_8_0,,398,2.61125
dgeqrf,plasma_2_8_0,,630,6.5823
dgeqrf,plasma_2_8_0,,1000,16.432049999999997
dgeqrf,plasma_2_8_0,,1584,37.1892
dgeqrf,plasma_2_8_0,,2511,91.80525
dgeqrf,plasma_2_8_0,,3981,172.51575
dgeqrf,plasma_2_8_0,,6309,209.79785
dgeqrf,plasma_2_8_0,,10000,230.26395
dgeqrf,plasma_2_8_0,,15848,239.9554
dgeqrf,plasma_kstar,eager,398,1.35455
dgeqrf,plasma_kstar,eager,630,4.00865
dgeqrf,plasma_kstar,eager,1000,11.021049999999999
dgeqrf,plasma_kstar,eager,1584,29.26135
dgeqrf,plasma_kstar,eager,2511,73.4596
dgeqrf,plasma_kstar,eager,3981,145.58679999999998
dgeqrf,plasma_kstar,eager,6309,207.36525
dgeqrf,plasma_kstar,eager,10000,230.11894999999998
dgeqrf,plasma_kstar,eager,15848,242.53825
dgeqrf,plasma_kstar,ws,398,1.2824499999999999
dgeqrf,plasma_kstar,ws,630,3.5593
dgeqrf,plasma_kstar,ws,1000,10.08735
dgeqrf,plasma_kstar,ws,1584,26.61295
dgeqrf,plasma_kstar,ws,2511,69.89850000000001
dgeqrf,plasma_kstar,ws,3981,141.19675
dgeqrf,plasma_kstar,ws,6309,189.313
dgeqrf,plasma_kstar,ws,10000,204.543
dgeqrf,plasma_kstar,ws,15848,215.28195
dgeqrf,plasma_kstar,dmda,398,1.37225
dgeqrf,plasma_kstar,dmda,630,3.8787
dgeqrf,plasma_kstar,dmda,1000,9.8133
dgeqrf,plasma_kstar,dmda,1584,21.60535
dgeqrf,plasma_kstar,dmda,2511,46.6982
dgeqrf,plasma_kstar,dmda,3981,102.9533
dgeqrf,plasma_kstar,dmda,6309,160.4747
dgeqrf,plasma_kstar,dmda,10000,197.70114999999998
dgeqrf,plasma_kstar,dmda,15848,210.08775
dgeqrf,lapack,,398,0.49140000000000006
dgeqrf,lapack,,630,0.70105
dgeqrf,lapack,,1000,4.651949999999999
dgeqrf,lapack,,1584,15.16745
dgeqrf,lapack,,2511,43.81175
dgeqrf,lapack,,3981,94.79145
dgeqrf,lapack,,6309,156.9202
dgeqrf,lapack,,10000,330.66589999999997
dgeqrf,lapack,,15848,515.16155
ssytrf,vendor,,398,0.3459
ssytrf,vendor,,630,1.45335
ssytrf,vendor,,1000,5.84805
ssytrf,vendor,,1584,7.9548000000000005
ssytrf,vendor,,2511,23.12825
ssytrf,vendor,,3981,61.40435000000001
ssytrf,vendor,,6309,119.45755
ssytrf,vendor,,10000,272.4371
ssytrf,vendor,,15848,485.36204999999995
ssytrf,plasma_17,,398,0.38134999999999997
ssytrf,plasma_17,,630,1.6251
ssytrf,plasma_17,,1000,3.468
ssytrf,plasma_17,,1584,7.7575
ssytrf,plasma_17,,2511,17.8353
ssytrf,plasma_17,,3981,34.80265
ssytrf,plasma_17,,6309,66.34565
ssytrf,plasma_17,,10000,114.99834999999999
ssytrf,plasma_17,,15848,182.05635
ssytrf,plasma_2_8_0,,398,0.5434
ssytrf,plasma_2_8_0,,630,0.92765
ssytrf,plasma_2_8_0,,1000,1.8409
ssytrf,plasma_2_8_0,,1584,3.22785
ssytrf,plasma_2_8_0,,2511,7.13505
ssytrf,plasma_2_8_0,,3981,14.2841
ssytrf,plasma_2_8_0,,6309,18.611150000000002
ssytrf,plasma_2_8_0,,10000,32.716300000000004
ssytrf,plasma_2_8_0,,15848,45.7474
ssytrf,lapack,,398,0.23965
ssytrf,lapack,,630,0.9992
ssytrf,lapack,,1000,3.5345999999999997
ssytrf,lapack,,1584,11.28585
ssytrf,lapack,,2511,31.651000000000003
ssytrf,lapack,,3981,65.408
ssytrf,lapack,,6309,129.4185
ssytrf,lapack,,10000,273.86375
ssytrf,lapack,,15848,474.0019
spotrf,vendor,,398,0.125
spotrf,vendor,,630,0.11455
spotrf,vendor,,1000,0.77055
spotrf,vendor,,1584,5.8487
spotrf,vendor,,2511,15.682749999999999
spotrf,vendor,,3981,63.01325
spotrf,vendor,,6309,157.8208
spotrf,vendor,,10000,310.02
spotrf,vendor,,15848,599.9596
spotrf,plasma_17,,398,0.4077
spotrf,plasma_17,,630,1.3554
spotrf,plasma_17,,1000,3.8719
spotrf,plasma_17,,1584,9.8474
spotrf,plasma_17,,2511,22.78745
spotrf,plasma_17,,3981,77.80369999999999
spotrf,plasma_17,,6309,180.80605
spotrf,plasma_17,,10000,253.20684999999997
spotrf,plasma_17,,15848,509.22635
spotrf,plasma_2_8_0,,398,1.2178
spotrf,plasma_2_8_0,,630,4.10935
spotrf,plasma_2_8_0,,1000,13.41055
spotrf,plasma_2_8_0,,1584,39.32255
spotrf,plasma_2_8_0,,2511,98.4918
spotrf,plasma_2_8_0,,3981,220.51405
spotrf,plasma_2_8_0,,6309,379.7046
spotrf,plasma_2_8_0,,10000,510.68395
spotrf,plasma_2_8_0,,15848,630.8297500000001
spotrf,plasma_kstar,eager,398,0.5078499999999999
spotrf,plasma_kstar,eager,630,1.7673
spotrf,plasma_kstar,eager,1000,6.6836
spotrf,plasma_kstar,eager,1584,21.16535
spotrf,plasma_kstar,eager,2511,67.1736
spotrf,plasma_kstar,eager,3981,177.36855
spotrf,plasma_kstar,eager,6309,355.98154999999997
spotrf,plasma_kstar,eager,10000,473.57465
spotrf,plasma_kstar,eager,15848,611.83745
spotrf,plasma_kstar,ws,398,0.49385
spotrf,plasma_kstar,ws,630,1.6251
spotrf,plasma_kstar,ws,1000,5.2261
spotrf,plasma_kstar,ws,1584,14.134250000000002
spotrf,plasma_kstar,ws,2511,46.56825
spotrf,plasma_kstar,ws,3981,132.8084
spotrf,plasma_kstar,ws,6309,252.15875
spotrf,plasma_kstar,ws,10000,334.49154999999996
spotrf,plasma_kstar,ws,15848,389.02265
spotrf,plasma_kstar,dmda,398,0.49334999999999996
spotrf,plasma_kstar,dmda,630,1.7711999999999999
spotrf,plasma_kstar,dmda,1000,6.1648499999999995
spotrf,plasma_kstar,dmda,1584,18.28725
spotrf,plasma_kstar,dmda,2511,49.82175
spotrf,plasma_kstar,dmda,3981,106.18690000000001
spotrf,plasma_kstar,dmda,6309,195.14005
spotrf,plasma_kstar,dmda,10000,271.71934999999996
spotrf,plasma_kstar,dmda,15848,347.83335
spotrf,lapack,,398,0.1273
spotrf,lapack,,630,0.54985
spotrf,lapack,,1000,2.28655
spotrf,lapack,,1584,3.06315
spotrf,lapack,,2511,22.631149999999998
spotrf,lapack,,3981,53.709
spotrf,lapack,,6309,84.61055
spotrf,lapack,,10000,316.1119
spotrf,lapack,,15848,613.0299
sgetrf,vendor,,398,0.32094999999999996
sgetrf,vendor,,630,0.43815000000000004
sgetrf,vendor,,1000,0.97975
sgetrf,vendor,,1584,9.2106
sgetrf,vendor,,2511,32.9911
sgetrf,vendor,,3981,92.70345
sgetrf,vendor,,6309,198.30065000000002
sgetrf,vendor,,10000,357.0605
sgetrf,vendor,,15848,870.97975
sgetrf,plasma_17,,398,0.4879
sgetrf,plasma_17,,630,1.43095
sgetrf,plasma_17,,1000,4.69755
sgetrf,plasma_17,,1584,10.29175
sgetrf,plasma_17,,2511,24.3351
sgetrf,plasma_17,,3981,50.41495
sgetrf,plasma_17,,6309,91.8053
sgetrf,plasma_17,,10000,146.21744999999999
sgetrf,plasma_17,,15848,195.41575
sgetrf,plasma_2_8_0,,398,2.2302
sgetrf,plasma_2_8_0,,630,6.5565
sgetrf,plasma_2_8_0,,1000,17.14845
sgetrf,plasma_2_8_0,,1584,39.9502
sgetrf,plasma_2_8_0,,2511,94.6277
sgetrf,plasma_2_8_0,,3981,194.68415
sgetrf,plasma_2_8_0,,6309,330.9886
sgetrf,plasma_2_8_0,,10000,344.60955
sgetrf,plasma_2_8_0,,15848,294.2846
sgetrf,lapack,,398,0.2463
sgetrf,lapack,,630,1.2149
sgetrf,lapack,,1000,2.63575
sgetrf,lapack,,1584,4.718500000000001
sgetrf,lapack,,2511,13.57075
sgetrf,lapack,,3981,77.73835
sgetrf,lapack,,6309,255.48649999999998
sgetrf,lapack,,10000,338.59439999999995
sgetrf,lapack,,15848,832.8789999999999
sgeqrf,vendor,,398,0.406
sgeqrf,vendor,,630,2.43605
sgeqrf,vendor,,1000,3.67425
sgeqrf,vendor,,1584,13.315850000000001
sgeqrf,vendor,,2511,44.8999
sgeqrf,vendor,,3981,125.42575
sgeqrf,vendor,,6309,280.7686
sgeqrf,vendor,,10000,567.5987
sgeqrf,vendor,,15848,1019.2978499999999
sgeqrf,plasma_17,,398,0.92085
sgeqrf,plasma_17,,630,3.25955
sgeqrf,plasma_17,,1000,11.170950000000001
sgeqrf,plasma_17,,1584,18.814500000000002
sgeqrf,plasma_17,,2511,39.5224
sgeqrf,plasma_17,,3981,96.91454999999999
sgeqrf,plasma_17,,6309,199.1568
sgeqrf,plasma_17,,10000,395.5061
sgeqrf,plasma_17,,15848,494.844
sgeqrf,plasma_2_8_0,,398,2.9211
sgeqrf,plasma_2_8_0,,630,7.8695
sgeqrf,plasma_2_8_0,,1000,21.2559
sgeqrf,plasma_2_8_0,,1584,51.3185
sgeqrf,plasma_2_8_0,,2511,128.03345
sgeqrf,plasma_2_8_0,,3981,288.9309
sgeqrf,plasma_2_8_0,,6309,446.5685
sgeqrf,plasma_2_8_0,,10000,536.8334
sgeqrf,plasma_2_8_0,,15848,534.6804500000001
sgeqrf,plasma_kstar,eager,398,1.4374500000000001
sgeqrf,plasma_kstar,eager,630,4.5653
sgeqrf,plasma_kstar,eager,1000,13.60595
sgeqrf,plasma_kstar,eager,1584,37.0321
sgeqrf,plasma_kstar,eager,2511,101.6673
sgeqrf,plasma_kstar,eager,3981,241.21275
sgeqrf,plasma_kstar,eager,6309,416.46434999999997
sgeqrf,plasma_kstar,eager,10000,520.70435
sgeqrf,plasma_kstar,eager,15848,525.05485
sgeqrf,plasma_kstar,ws,398,1.3282
sgeqrf,plasma_kstar,ws,630,3.94945
sgeqrf,plasma_kstar,ws,1000,12.3019
sgeqrf,plasma_kstar,ws,1584,33.203900000000004
sgeqrf,plasma_kstar,ws,2511,93.4498
sgeqrf,plasma_kstar,ws,3981,223.08460000000002
sgeqrf,plasma_kstar,ws,6309,361.54240000000004
sgeqrf,plasma_kstar,ws,10000,408.95034999999996
sgeqrf,plasma_kstar,ws,15848,422.79560000000004
sgeqrf,plasma_kstar,dmda,398,1.4069
sgeqrf,plasma_kstar,dmda,630,4.429
sgeqrf,plasma_kstar,dmda,1000,12.20835
sgeqrf,plasma_kstar,dmda,1584,31.0182
sgeqrf,plasma_kstar,dmda,2511,77.32849999999999
sgeqrf,plasma_kstar,dmda,3981,147.20589999999999
sgeqrf,plasma_kstar,dmda,6309,279.17395
sgeqrf,plasma_kstar,dmda,10000,401.76155
sgeqrf,plasma_kstar,dmda,15848,435.5566
sgeqrf,lapack,,398,0.44430000000000003
sgeqrf,lapack,,630,1.0528
sgeqrf,lapack,,1000,3.68135
sgeqrf,lapack,,1584,14.3702
sgeqrf,lapack,,2511,52.549949999999995
sgeqrf,lapack,,3981,141.37279999999998
sgeqrf,lapack,,6309,211.80225000000002
sgeqrf,lapack,,10000,578.7938999999999
sgeqrf,lapack,,15848,924.2275
